Datetime,Open,High,Low,Close,Adj Close,Volume
2023-03-23 04:00:00-04:00,487.88,490.0,487.88,490.0,490.0,0
2023-03-23 04:37:00-04:00,491.5,493.1,491.5,491.63,491.63,0
2023-03-23 04:39:00-04:00,493.1,493.1,493.1,493.1,493.1,0
2023-03-23 04:56:00-04:00,492.75,492.75,492.75,492.75,492.75,0
2023-03-23 05:01:00-04:00,492.75,492.75,492.75,492.75,492.75,0
2023-03-23 05:24:00-04:00,492.75,492.75,492.75,492.75,492.75,0
2023-03-23 05:42:00-04:00,490.5,490.5,490.5,490.5,490.5,0
2023-03-23 05:51:00-04:00,492.5,492.5,492.5,492.5,492.5,0
2023-03-23 06:21:00-04:00,490.5,490.5,490.5,490.5,490.5,0
2023-03-23 06:25:00-04:00,490.5,490.5,490.5,490.5,490.5,0
2023-03-23 07:00:00-04:00,489.15,489.15,489.15,489.15,489.15,0
2023-03-23 07:02:00-04:00,490.59,490.59,490.59,490.59,490.59,0
2023-03-23 07:03:00-04:00,490.49,490.5,490.49,490.5,490.5,0
2023-03-23 07:12:00-04:00,490.1,490.1,490.1,490.1,490.1,0
2023-03-23 07:17:00-04:00,490.09,490.09,490.08,490.08,490.08,0
2023-03-23 07:19:00-04:00,490.59,491.15,490.51,490.51,490.51,0
2023-03-23 07:22:00-04:00,490.5,490.5,490.18,490.25,490.25,0
2023-03-23 07:24:00-04:00,490.4,490.4,490.0,490.0,490.0,0
2023-03-23 07:27:00-04:00,490.49,490.49,490.49,490.49,490.49,0
2023-03-23 07:28:00-04:00,490.49,490.49,490.49,490.49,490.49,0
2023-03-23 07:30:00-04:00,490.17,490.17,490.14,490.14,490.14,0
2023-03-23 07:31:00-04:00,490.4,490.4,490.4,490.4,490.4,0
2023-03-23 07:34:00-04:00,490.4,490.4,490.4,490.4,490.4,0
2023-03-23 07:35:00-04:00,490.5,490.5,490.5,490.5,490.5,0
2023-03-23 07:38:00-04:00,490.41,490.41,490.4,490.4,490.4,0
2023-03-23 07:41:00-04:00,490.2,490.2,490.0,490.0,490.0,0
2023-03-23 07:42:00-04:00,491.0,491.0,491.0,491.0,491.0,0
2023-03-23 07:44:00-04:00,490.5,490.5,490.5,490.5,490.5,0
2023-03-23 07:45:00-04:00,490.5,490.5,490.0,490.0,490.0,0
2023-03-23 07:49:00-04:00,490.2,490.2,489.5,489.5,489.5,0
2023-03-23 07:57:00-04:00,489.52,491.0,489.5,491.0,491.0,0
2023-03-23 07:58:00-04:00,489.52,489.99,489.52,489.99,489.99,0
2023-03-23 07:59:00-04:00,489.75,489.75,489.75,489.75,489.75,0
2023-03-23 08:00:00-04:00,491.0,491.5,486.9,490.62,490.62,0
2023-03-23 08:01:00-04:00,490.5,491.49,489.75,489.75,489.75,0
2023-03-23 08:02:00-04:00,491.48,491.48,489.99,489.99,489.99,0
2023-03-23 08:03:00-04:00,489.5,490.49,489.19,490.49,490.49,0
2023-03-23 08:04:00-04:00,491.09,491.09,488.63,488.63,488.63,0
2023-03-23 08:05:00-04:00,489.5,489.5,489.5,489.5,489.5,0
2023-03-23 08:06:00-04:00,489.5,489.5,489.5,489.5,489.5,0
2023-03-23 08:09:00-04:00,489.495,489.495,489.495,489.495,489.495,0
2023-03-23 08:10:00-04:00,489.495,489.89,489.495,489.86,489.86,0
2023-03-23 08:13:00-04:00,489.99,489.99,489.99,489.99,489.99,0
2023-03-23 08:14:00-04:00,490.0,490.0,490.0,490.0,490.0,0
2023-03-23 08:16:00-04:00,490.0,490.0,490.0,490.0,490.0,0
2023-03-23 08:17:00-04:00,490.0,490.0,490.0,490.0,490.0,0
2023-03-23 08:18:00-04:00,491.47,491.47,491.47,491.47,491.47,0
2023-03-23 08:19:00-04:00,490.43,490.43,490.43,490.43,490.43,0
2023-03-23 08:20:00-04:00,491.47,491.47,488.66,488.66,488.66,0
2023-03-23 08:21:00-04:00,490.5,490.5,490.0,490.0,490.0,0
2023-03-23 08:22:00-04:00,489.735,489.94,489.735,489.94,489.94,0
2023-03-23 08:24:00-04:00,489.9,489.9,489.9,489.9,489.9,0
2023-03-23 08:25:00-04:00,489.9,489.9,489.9,489.9,489.9,0
2023-03-23 08:26:00-04:00,489.9,489.9,489.9,489.9,489.9,0
2023-03-23 08:27:00-04:00,491.48,491.48,489.52,489.52,489.52,0
2023-03-23 08:29:00-04:00,489.95,489.95,489.95,489.95,489.95,0
2023-03-23 08:30:00-04:00,489.9,490.0,489.9,490.0,490.0,0
2023-03-23 08:31:00-04:00,489.52,489.52,489.52,489.52,489.52,0
2023-03-23 08:32:00-04:00,490.769,490.769,490.0,490.0,490.0,0
2023-03-23 08:34:00-04:00,487.6,490.5,487.6,490.5,490.5,0
2023-03-23 08:35:00-04:00,490.0,490.0,490.0,490.0,490.0,0
2023-03-23 08:37:00-04:00,490.5,490.5,489.545,489.545,489.545,0
2023-03-23 08:38:00-04:00,490.9798,490.9798,490.8,490.8,490.8,0
2023-03-23 08:39:00-04:00,490.49,491.35,490.21,490.21,490.21,0
2023-03-23 08:40:00-04:00,490.31,490.31,490.22,490.22,490.22,0
2023-03-23 08:41:00-04:00,490.74,490.74,490.74,490.74,490.74,0
2023-03-23 08:43:00-04:00,491.2954,491.3,491.2954,491.3,491.3,0
2023-03-23 08:44:00-04:00,491.0,491.0,489.54,489.54,489.54,0
2023-03-23 08:45:00-04:00,491.0,491.0,489.54,491.0,491.0,0
2023-03-23 08:46:00-04:00,489.54,491.0,489.54,491.0,491.0,0
2023-03-23 08:47:00-04:00,489.54,491.0,489.54,491.0,491.0,0
2023-03-23 08:49:00-04:00,490.96,490.96,490.96,490.96,490.96,0
2023-03-23 08:50:00-04:00,491.48,491.48,489.44,489.44,489.44,0
2023-03-23 08:51:00-04:00,491.0,491.48,491.0,491.48,491.48,0
2023-03-23 08:52:00-04:00,489.74,489.74,489.74,489.74,489.74,0
2023-03-23 08:53:00-04:00,491.0,491.0,491.0,491.0,491.0,0
2023-03-23 08:54:00-04:00,491.0,491.0,491.0,491.0,491.0,0
2023-03-23 08:55:00-04:00,489.74,489.74,489.74,489.74,489.74,0
2023-03-23 08:57:00-04:00,491.0,491.0,491.0,491.0,491.0,0
2023-03-23 08:58:00-04:00,489.74,489.74,489.74,489.74,489.74,0
2023-03-23 09:00:00-04:00,490.01,490.01,488.0,490.0,490.0,0
2023-03-23 09:01:00-04:00,489.74,489.74,489.74,489.74,489.74,0
2023-03-23 09:02:00-04:00,489.745,490.19,489.745,489.745,489.745,0
2023-03-23 09:03:00-04:00,489.89,490.0,489.745,490.0,490.0,0
2023-03-23 09:06:00-04:00,490.19,490.19,490.19,490.19,490.19,0
2023-03-23 09:09:00-04:00,489.74,489.89,489.51,489.51,489.51,0
2023-03-23 09:11:00-04:00,489.71,489.71,489.71,489.71,489.71,0
2023-03-23 09:12:00-04:00,490.0,490.0,489.96,489.96,489.96,0
2023-03-23 09:13:00-04:00,489.97,489.97,489.97,489.97,489.97,0
2023-03-23 09:30:00-04:00,490.69000244140625,490.7799987792969,489.4200134277344,489.82000732421875,489.82000732421875,41999
2023-03-23 09:31:00-04:00,489.8800048828125,489.8800048828125,488.8800048828125,488.8800048828125,488.8800048828125,4514
2023-03-23 09:32:00-04:00,488.8800048828125,489.4700012207031,488.0,489.1199951171875,489.1199951171875,8710
2023-03-23 09:33:00-04:00,489.2799987792969,490.14990234375,489.2799987792969,490.1400146484375,490.1400146484375,6004
2023-03-23 09:34:00-04:00,490.260009765625,490.3299865722656,489.0199890136719,489.2699890136719,489.2699890136719,4023
2023-03-23 09:35:00-04:00,489.0199890136719,489.6499938964844,488.8800048828125,489.2149963378906,489.2149963378906,2541
2023-03-23 09:36:00-04:00,489.0799865722656,489.239990234375,488.8599853515625,489.1676025390625,489.1676025390625,3923
2023-03-23 09:37:00-04:00,489.1600036621094,489.54998779296875,489.0,489.0622863769531,489.0622863769531,3146
2023-03-23 09:38:00-04:00,489.2799987792969,489.2799987792969,488.70001220703125,488.7749938964844,488.7749938964844,3095
2023-03-23 09:39:00-04:00,488.5899963378906,489.3599853515625,488.5899963378906,489.19000244140625,489.19000244140625,3411
2023-03-23 09:40:00-04:00,489.0899963378906,489.44000244140625,489.0899963378906,489.375,489.375,2819
2023-03-23 09:41:00-04:00,489.28460693359375,489.3900146484375,489.04998779296875,489.3900146484375,489.3900146484375,4602
2023-03-23 09:42:00-04:00,489.44000244140625,489.7489013671875,488.8900146484375,488.9549865722656,488.9549865722656,4281
2023-03-23 09:43:00-04:00,489.010009765625,489.5,488.760009765625,489.42999267578125,489.42999267578125,3850
2023-03-23 09:44:00-04:00,489.5668029785156,489.8299865722656,489.3299865722656,489.69000244140625,489.69000244140625,3599
2023-03-23 09:45:00-04:00,490.010009765625,490.010009765625,489.2200012207031,489.43499755859375,489.43499755859375,3397
2023-03-23 09:46:00-04:00,489.43499755859375,489.43499755859375,488.8999938964844,488.9100036621094,488.9100036621094,2247
2023-03-23 09:47:00-04:00,489.07000732421875,489.2720947265625,488.80499267578125,488.80499267578125,488.80499267578125,2046
2023-03-23 09:48:00-04:00,488.760009765625,488.8900146484375,488.3999938964844,488.69500732421875,488.69500732421875,3077
2023-03-23 09:49:00-04:00,488.9200134277344,489.1300048828125,488.8999938964844,489.1300048828125,489.1300048828125,1847
2023-03-23 09:50:00-04:00,489.2200012207031,489.2200012207031,488.6000061035156,488.95001220703125,488.95001220703125,4412
2023-03-23 09:51:00-04:00,488.82000732421875,489.1099853515625,488.7200012207031,488.914306640625,488.914306640625,3228
2023-03-23 09:52:00-04:00,489.1098937988281,489.45001220703125,488.989990234375,489.45001220703125,489.45001220703125,2869
2023-03-23 09:53:00-04:00,489.2650146484375,489.2650146484375,488.93670654296875,488.93670654296875,488.93670654296875,3185
2023-03-23 09:54:00-04:00,488.7300109863281,489.2699890136719,488.7300109863281,489.1099853515625,489.1099853515625,2269
2023-03-23 09:55:00-04:00,489.1700134277344,489.5,489.1700134277344,489.45001220703125,489.45001220703125,4230
2023-03-23 09:56:00-04:00,489.4800109863281,489.6199951171875,489.2900085449219,489.518798828125,489.518798828125,4280
2023-03-23 09:57:00-04:00,489.2099914550781,489.3999938964844,489.0950012207031,489.1000061035156,489.1000061035156,2656
2023-03-23 09:58:00-04:00,489.32000732421875,489.3800048828125,489.0710144042969,489.3800048828125,489.3800048828125,4775
2023-03-23 09:59:00-04:00,489.66949462890625,489.8999938964844,489.44000244140625,489.5950012207031,489.5950012207031,6995
2023-03-23 10:00:00-04:00,489.8699951171875,490.1199951171875,489.8299865722656,490.1099853515625,490.1099853515625,5654
2023-03-23 10:01:00-04:00,490.2799987792969,490.95001220703125,490.0400085449219,490.81500244140625,490.81500244140625,6649
2023-03-23 10:02:00-04:00,490.8399963378906,490.8399963378906,490.2200012207031,490.2300109863281,490.2300109863281,7722
2023-03-23 10:03:00-04:00,490.0,490.239990234375,489.7401123046875,489.7401123046875,489.7401123046875,3877
2023-03-23 10:04:00-04:00,489.9800109863281,490.1000061035156,489.7099914550781,490.010009765625,490.010009765625,7274
2023-03-23 10:05:00-04:00,490.364990234375,490.364990234375,490.364990234375,490.364990234375,490.364990234375,576
2023-03-23 10:06:00-04:00,490.2799987792969,490.2799987792969,490.1400146484375,490.1400146484375,490.1400146484375,864
2023-03-23 10:07:00-04:00,490.0,490.30999755859375,489.8999938964844,490.1700134277344,490.1700134277344,5792
2023-03-23 10:08:00-04:00,490.5,490.7200012207031,490.30511474609375,490.7200012207031,490.7200012207031,3290
2023-03-23 10:09:00-04:00,490.8299865722656,491.1400146484375,490.5899963378906,491.114990234375,491.114990234375,5070
2023-03-23 10:10:00-04:00,491.30999755859375,491.4200134277344,491.30999755859375,491.4200134277344,491.4200134277344,1487
2023-03-23 10:11:00-04:00,491.5799865722656,491.6000061035156,491.510009765625,491.6000061035156,491.6000061035156,1935
2023-03-23 10:12:00-04:00,491.3500061035156,491.44000244140625,490.8500061035156,491.0497131347656,491.0497131347656,2353
2023-03-23 10:13:00-04:00,491.17498779296875,491.510009765625,491.1317138671875,491.510009765625,491.510009765625,4286
2023-03-23 10:14:00-04:00,491.42620849609375,491.45001220703125,491.2550048828125,491.2550048828125,491.2550048828125,2875
2023-03-23 10:15:00-04:00,491.125,491.57000732421875,491.125,491.57000732421875,491.57000732421875,2941
2023-03-23 10:16:00-04:00,491.57000732421875,491.57000732421875,491.260009765625,491.2699890136719,491.2699890136719,2849
2023-03-23 10:17:00-04:00,491.1600036621094,491.29998779296875,490.8999938964844,491.07000732421875,491.07000732421875,5768
2023-03-23 10:18:00-04:00,490.7850036621094,490.989990234375,490.6700134277344,490.6700134277344,490.6700134277344,1593
2023-03-23 10:19:00-04:00,490.6400146484375,490.7300109863281,490.4455871582031,490.6000061035156,490.6000061035156,2775
2023-03-23 10:20:00-04:00,490.5899963378906,490.5899963378906,490.1401062011719,490.5050048828125,490.5050048828125,2616
2023-03-23 10:21:00-04:00,490.5050048828125,490.5899963378906,490.29998779296875,490.30499267578125,490.30499267578125,5280
2023-03-23 10:22:00-04:00,490.2300109863281,490.4696044921875,490.2300109863281,490.3800048828125,490.3800048828125,2165
2023-03-23 10:23:00-04:00,490.2550048828125,490.2550048828125,489.8800048828125,489.9100036621094,489.9100036621094,2466
2023-03-23 10:24:00-04:00,490.1400146484375,490.25,490.1300048828125,490.2312927246094,490.2312927246094,1316
2023-03-23 10:25:00-04:00,490.3599853515625,490.5,490.239990234375,490.44500732421875,490.44500732421875,3642
2023-03-23 10:26:00-04:00,490.5387878417969,490.5387878417969,490.32000732421875,490.42999267578125,490.42999267578125,1346
2023-03-23 10:27:00-04:00,490.3699951171875,490.6600036621094,490.3699951171875,490.55499267578125,490.55499267578125,4488
2023-03-23 10:28:00-04:00,490.5150146484375,490.5150146484375,490.3999938964844,490.3999938964844,490.3999938964844,2201
2023-03-23 10:29:00-04:00,490.364990234375,490.4100036621094,490.05999755859375,490.05999755859375,490.05999755859375,5887
2023-03-23 10:30:00-04:00,490.05499267578125,490.05499267578125,489.69000244140625,489.739990234375,489.739990234375,10011
2023-03-23 10:31:00-04:00,489.66448974609375,489.9599914550781,489.6000061035156,489.7900085449219,489.7900085449219,3761
2023-03-23 10:32:00-04:00,489.8550109863281,490.260009765625,489.8550109863281,490.260009765625,490.260009765625,2342
2023-03-23 10:33:00-04:00,490.3900146484375,490.75,490.3900146484375,490.75,490.75,6292
2023-03-23 10:34:00-04:00,490.70001220703125,490.80999755859375,490.4800109863281,490.57000732421875,490.57000732421875,2642
2023-03-23 10:35:00-04:00,490.6499938964844,490.8900146484375,490.6499938964844,490.8699951171875,490.8699951171875,3214
2023-03-23 10:36:00-04:00,490.8699951171875,490.8699951171875,490.41009521484375,490.66448974609375,490.66448974609375,2418
2023-03-23 10:37:00-04:00,490.4599914550781,490.4599914550781,490.4599914550781,490.4599914550781,490.4599914550781,815
2023-03-23 10:38:00-04:00,490.6300048828125,490.6300048828125,490.5,490.5,490.5,1293
2023-03-23 10:39:00-04:00,490.3900146484375,490.3900146484375,490.3900146484375,490.3900146484375,490.3900146484375,2360
2023-03-23 10:40:00-04:00,490.739990234375,490.739990234375,490.739990234375,490.739990234375,490.739990234375,1158
2023-03-23 10:41:00-04:00,490.7099914550781,490.7099914550781,490.5899963378906,490.5899963378906,490.5899963378906,993
2023-03-23 10:42:00-04:00,490.8599853515625,490.92999267578125,490.4684143066406,490.5050048828125,490.5050048828125,4056
2023-03-23 10:43:00-04:00,490.6600036621094,490.6600036621094,490.4700012207031,490.6099853515625,490.6099853515625,2353
2023-03-23 10:44:00-04:00,490.6600036621094,490.77490234375,490.6000061035156,490.6000061035156,490.6000061035156,2126
2023-03-23 10:45:00-04:00,490.4176025390625,490.95001220703125,490.4176025390625,490.95001220703125,490.95001220703125,953
2023-03-23 10:46:00-04:00,491.04998779296875,491.5199890136719,491.04998779296875,491.07440185546875,491.07440185546875,4621
2023-03-23 10:47:00-04:00,491.0943908691406,491.4599914550781,491.0943908691406,491.4599914550781,491.4599914550781,1192
2023-03-23 10:48:00-04:00,491.5,491.7699890136719,491.5,491.7699890136719,491.7699890136719,849
2023-03-23 10:49:00-04:00,491.7799987792969,492.0799865722656,491.7799987792969,492.0400085449219,492.0400085449219,3643
2023-03-23 10:50:00-04:00,491.8900146484375,492.1400146484375,491.82501220703125,492.1400146484375,492.1400146484375,2179
2023-03-23 10:51:00-04:00,492.0465087890625,492.3800048828125,492.0465087890625,492.3800048828125,492.3800048828125,2162
2023-03-23 10:52:00-04:00,492.389892578125,492.42999267578125,492.17999267578125,492.3800048828125,492.3800048828125,2636
2023-03-23 10:53:00-04:00,492.5299987792969,492.6099853515625,492.4525146484375,492.4525146484375,492.4525146484375,1552
2023-03-23 10:54:00-04:00,492.6050109863281,492.7900085449219,492.55999755859375,492.6300048828125,492.6300048828125,1417
2023-03-23 10:55:00-04:00,492.6300048828125,493.20989990234375,492.6199951171875,493.20989990234375,493.20989990234375,5286
2023-03-23 10:56:00-04:00,493.1799011230469,493.1799011230469,492.7099914550781,493.0,493.0,4495
2023-03-23 10:57:00-04:00,492.7900085449219,492.9700012207031,492.55010986328125,492.8800048828125,492.8800048828125,2626
2023-03-23 10:58:00-04:00,492.9049987792969,492.9049987792969,492.54998779296875,492.6000061035156,492.6000061035156,3577
2023-03-23 10:59:00-04:00,492.7300109863281,493.0400085449219,492.59381103515625,492.79998779296875,492.79998779296875,1325
2023-03-23 11:00:00-04:00,492.79998779296875,493.1000061035156,492.79998779296875,493.0350036621094,493.0350036621094,1881
2023-03-23 11:01:00-04:00,493.20001220703125,493.25,493.0799865722656,493.1099853515625,493.1099853515625,4110
2023-03-23 11:02:00-04:00,492.8900146484375,492.8900146484375,492.8299865722656,492.875,492.875,696
2023-03-23 11:03:00-04:00,492.7300109863281,492.8599853515625,492.54998779296875,492.8599853515625,492.8599853515625,1711
2023-03-23 11:04:00-04:00,492.7489013671875,492.760009765625,492.69000244140625,492.69000244140625,492.69000244140625,1731
2023-03-23 11:05:00-04:00,492.6000061035156,492.70001220703125,492.5,492.6050109863281,492.6050109863281,4097
2023-03-23 11:06:00-04:00,492.75,493.05999755859375,492.75,493.048095703125,493.048095703125,3300
2023-03-23 11:07:00-04:00,492.9469909667969,492.9469909667969,492.82000732421875,492.8800048828125,492.8800048828125,1385
2023-03-23 11:08:00-04:00,492.8800048828125,492.92999267578125,492.55999755859375,492.55999755859375,492.55999755859375,3018
2023-03-23 11:09:00-04:00,492.6400146484375,492.81988525390625,492.6400146484375,492.81988525390625,492.81988525390625,1518
2023-03-23 11:10:00-04:00,492.6600036621094,492.6600036621094,492.3699951171875,492.4036865234375,492.4036865234375,4455
2023-03-23 11:11:00-04:00,492.3949890136719,492.57000732421875,492.3291931152344,492.57000732421875,492.57000732421875,1723
2023-03-23 11:12:00-04:00,492.6300048828125,492.6300048828125,492.4601135253906,492.4601135253906,492.4601135253906,1100
2023-03-23 11:13:00-04:00,492.67498779296875,492.8500061035156,492.5199890136719,492.5199890136719,492.5199890136719,1346
2023-03-23 11:14:00-04:00,492.5400085449219,492.5400085449219,492.1849060058594,492.260009765625,492.260009765625,3196
2023-03-23 11:15:00-04:00,492.2699890136719,492.3999938964844,492.0264892578125,492.114990234375,492.114990234375,6989
2023-03-23 11:17:00-04:00,491.9100036621094,492.0,491.760009765625,491.9599914550781,491.9599914550781,3386
2023-03-23 11:18:00-04:00,491.9599914550781,491.9599914550781,491.42999267578125,491.42999267578125,491.42999267578125,1497
2023-03-23 11:19:00-04:00,491.4471130371094,491.6799011230469,491.4471130371094,491.4700012207031,491.4700012207031,3274
2023-03-23 11:20:00-04:00,491.3534851074219,491.3534851074219,491.17999267578125,491.17999267578125,491.17999267578125,1122
2023-03-23 11:21:00-04:00,491.2099914550781,491.3900146484375,491.1499938964844,491.3900146484375,491.3900146484375,5200
2023-03-23 11:22:00-04:00,491.3591003417969,491.3591003417969,491.2235107421875,491.2235107421875,491.2235107421875,1429
2023-03-23 11:23:00-04:00,491.57000732421875,491.6050109863281,491.5199890136719,491.6050109863281,491.6050109863281,805
2023-03-23 11:24:00-04:00,491.5,491.7799987792969,491.5,491.7799987792969,491.7799987792969,3131
2023-03-23 11:25:00-04:00,491.5799865722656,491.5799865722656,491.5400085449219,491.5400085449219,491.5400085449219,858
2023-03-23 11:26:00-04:00,491.5249938964844,491.5299987792969,491.2699890136719,491.2699890136719,491.2699890136719,3858
2023-03-23 11:27:00-04:00,491.3999938964844,491.45001220703125,491.3999938964844,491.43499755859375,491.43499755859375,1488
2023-03-23 11:28:00-04:00,491.5,491.5,491.5,491.5,491.5,553
2023-03-23 11:29:00-04:00,491.4049987792969,491.4049987792969,491.1000061035156,491.1000061035156,491.1000061035156,2213
2023-03-23 11:30:00-04:00,491.32000732421875,491.6000061035156,491.29998779296875,491.6000061035156,491.6000061035156,3653
2023-03-23 11:31:00-04:00,491.5,491.8999938964844,491.5,491.5799865722656,491.5799865722656,6740
2023-03-23 11:32:00-04:00,491.5899963378906,492.1099853515625,491.5899963378906,491.75,491.75,13827
2023-03-23 11:33:00-04:00,491.7099914550781,491.7099914550781,491.32000732421875,491.32000732421875,491.32000732421875,1273
2023-03-23 11:34:00-04:00,491.3599853515625,491.3599853515625,491.3599853515625,491.3599853515625,491.3599853515625,339
2023-03-23 11:35:00-04:00,491.4516906738281,491.67999267578125,491.4516906738281,491.6199951171875,491.6199951171875,1934
2023-03-23 11:36:00-04:00,491.82000732421875,491.8299865722656,491.6300048828125,491.6300048828125,491.6300048828125,1163
2023-03-23 11:37:00-04:00,491.6199951171875,491.7900085449219,491.5165100097656,491.6376037597656,491.6376037597656,2772
2023-03-23 11:38:00-04:00,491.989990234375,491.989990234375,491.8500061035156,491.9700012207031,491.9700012207031,1097
2023-03-23 11:39:00-04:00,491.80999755859375,491.80999755859375,491.6400146484375,491.6700134277344,491.6700134277344,799
2023-03-23 11:40:00-04:00,491.7799987792969,491.989990234375,491.7799987792969,491.8501892089844,491.8501892089844,1989
2023-03-23 11:41:00-04:00,491.8450012207031,491.8450012207031,491.8450012207031,491.8450012207031,491.8450012207031,406
2023-03-23 11:42:00-04:00,491.69000244140625,491.70001220703125,491.4100036621094,491.6199951171875,491.6199951171875,2586
2023-03-23 11:43:00-04:00,491.5799865722656,491.5799865722656,491.44000244140625,491.44000244140625,491.44000244140625,1539
2023-03-23 11:44:00-04:00,491.5799865722656,491.5799865722656,491.3699951171875,491.3699951171875,491.3699951171875,939
2023-03-23 11:45:00-04:00,491.45111083984375,491.5657043457031,491.45111083984375,491.5657043457031,491.5657043457031,1877
2023-03-23 11:47:00-04:00,491.9700012207031,492.114990234375,491.94000244140625,491.94000244140625,491.94000244140625,3659
2023-03-23 11:48:00-04:00,492.1300048828125,492.1499938964844,492.0400085449219,492.0400085449219,492.0400085449219,1249
2023-03-23 11:49:00-04:00,492.04998779296875,492.04998779296875,492.04998779296875,492.04998779296875,492.04998779296875,299
2023-03-23 11:50:00-04:00,492.1600036621094,492.3599853515625,492.1600036621094,492.32000732421875,492.32000732421875,1935
2023-03-23 11:51:00-04:00,492.2799987792969,492.2799987792969,492.0799865722656,492.17999267578125,492.17999267578125,2047
2023-03-23 11:52:00-04:00,492.19000244140625,492.375,492.19000244140625,492.375,492.375,1335
2023-03-23 11:53:00-04:00,492.54998779296875,492.54998779296875,492.54998779296875,492.54998779296875,492.54998779296875,261
2023-03-23 11:54:00-04:00,492.5249938964844,492.5639953613281,492.4200134277344,492.4200134277344,492.4200134277344,3255
2023-03-23 11:55:00-04:00,492.3699951171875,492.3699951171875,492.2149963378906,492.2149963378906,492.2149963378906,2261
2023-03-23 11:56:00-04:00,492.2950134277344,492.3500061035156,492.2749938964844,492.30999755859375,492.30999755859375,1755
2023-03-23 11:57:00-04:00,492.25,492.3999938964844,492.1700134277344,492.3500061035156,492.3500061035156,2602
2023-03-23 11:58:00-04:00,492.19000244140625,492.2099914550781,491.95001220703125,491.95001220703125,491.95001220703125,1338
2023-03-23 11:59:00-04:00,491.86669921875,492.1099853515625,491.86669921875,492.1099853515625,492.1099853515625,1455
2023-03-23 12:00:00-04:00,492.0299987792969,492.1300048828125,492.010009765625,492.1300048828125,492.1300048828125,1283
2023-03-23 12:03:00-04:00,492.2250061035156,492.2611083984375,492.2250061035156,492.2611083984375,492.2611083984375,2267
2023-03-23 12:04:00-04:00,492.0834045410156,492.25,492.0834045410156,492.25,492.25,682
2023-03-23 12:05:00-04:00,492.3103942871094,492.3103942871094,492.0163879394531,492.0163879394531,492.0163879394531,1298
2023-03-23 12:06:00-04:00,492.0299987792969,492.1400146484375,492.0299987792969,492.1400146484375,492.1400146484375,338
2023-03-23 12:07:00-04:00,492.0199890136719,492.1600036621094,492.0199890136719,492.1400146484375,492.1400146484375,2180
2023-03-23 12:08:00-04:00,492.260009765625,492.260009765625,492.19000244140625,492.19000244140625,492.19000244140625,468
2023-03-23 12:09:00-04:00,492.19500732421875,492.3800048828125,492.19500732421875,492.31500244140625,492.31500244140625,1770
2023-03-23 12:10:00-04:00,492.3800048828125,492.45001220703125,492.1400146484375,492.3299865722656,492.3299865722656,2926
2023-03-23 12:11:00-04:00,492.07000732421875,492.1700134277344,491.8800048828125,492.0799865722656,492.0799865722656,3336
2023-03-23 12:12:00-04:00,492.2099914550781,492.2099914550781,492.1390075683594,492.2099914550781,492.2099914550781,799
2023-03-23 12:13:00-04:00,492.1400146484375,492.1499938964844,491.75,491.75,491.75,1352
2023-03-23 12:14:00-04:00,491.8800048828125,491.9800109863281,491.7699890136719,491.9800109863281,491.9800109863281,2615
2023-03-23 12:15:00-04:00,491.9800109863281,491.9800109863281,491.9800109863281,491.9800109863281,491.9800109863281,231
2023-03-23 12:16:00-04:00,491.989990234375,492.1300048828125,491.7799987792969,491.94000244140625,491.94000244140625,2970
2023-03-23 12:17:00-04:00,492.04998779296875,492.05999755859375,492.04998779296875,492.05999755859375,492.05999755859375,826
2023-03-23 12:18:00-04:00,491.9554138183594,491.9800109863281,491.8599853515625,491.8599853515625,491.8599853515625,1245
2023-03-23 12:19:00-04:00,491.95770263671875,492.17999267578125,491.95770263671875,492.17999267578125,492.17999267578125,1554
2023-03-23 12:20:00-04:00,492.07000732421875,492.07000732421875,491.67999267578125,491.67999267578125,491.67999267578125,3016
2023-03-23 12:21:00-04:00,491.80999755859375,491.80999755859375,491.25,491.3900146484375,491.3900146484375,1775
2023-03-23 12:22:00-04:00,491.5199890136719,491.6499938964844,491.5199890136719,491.6499938964844,491.6499938964844,1359
2023-03-23 12:23:00-04:00,491.8399963378906,491.8399963378906,491.7650146484375,491.7650146484375,491.7650146484375,798
2023-03-23 12:24:00-04:00,491.7054138183594,491.8800048828125,491.6499938964844,491.6499938964844,491.6499938964844,1844
2023-03-23 12:25:00-04:00,491.80169677734375,491.9700012207031,491.7099914550781,491.8699951171875,491.8699951171875,2462
2023-03-23 12:26:00-04:00,492.0,492.0,491.9100036621094,491.9100036621094,491.9100036621094,1721
2023-03-23 12:27:00-04:00,491.9100036621094,491.9100036621094,491.70001220703125,491.70001220703125,491.70001220703125,1544
2023-03-23 12:28:00-04:00,491.75,491.75,491.6499938964844,491.6499938964844,491.6499938964844,1328
2023-03-23 12:29:00-04:00,491.57000732421875,491.57000732421875,491.1499938964844,491.3699951171875,491.3699951171875,3799
2023-03-23 12:30:00-04:00,491.3699951171875,491.4549865722656,491.1700134277344,491.2049865722656,491.2049865722656,2342
2023-03-23 12:31:00-04:00,491.239990234375,491.4649963378906,491.239990234375,491.4649963378906,491.4649963378906,2226
2023-03-23 12:32:00-04:00,491.4599914550781,491.625,491.3900146484375,491.3900146484375,491.3900146484375,1709
2023-03-23 12:34:00-04:00,491.20001220703125,491.20001220703125,490.94500732421875,490.9599914550781,490.9599914550781,1665
2023-03-23 12:35:00-04:00,490.9800109863281,490.9800109863281,490.8500061035156,490.86480712890625,490.86480712890625,2091
2023-03-23 12:36:00-04:00,490.8800048828125,490.95001220703125,490.8467102050781,490.8467102050781,490.8467102050781,1395
2023-03-23 12:37:00-04:00,490.80999755859375,490.82000732421875,490.69000244140625,490.7699890136719,490.7699890136719,1728
2023-03-23 12:38:00-04:00,490.69000244140625,490.9233093261719,490.67999267578125,490.9100036621094,490.9100036621094,2462
2023-03-23 12:39:00-04:00,490.8200988769531,491.17999267578125,490.8200988769531,491.0,491.0,1984
2023-03-23 12:40:00-04:00,491.04998779296875,491.04998779296875,491.04998779296875,491.04998779296875,491.04998779296875,578
2023-03-23 12:41:00-04:00,490.6600036621094,490.7099914550781,490.3800964355469,490.3800964355469,490.3800964355469,3066
2023-03-23 12:42:00-04:00,490.6000061035156,491.0299987792969,490.6000061035156,490.9599914550781,490.9599914550781,1679
2023-03-23 12:43:00-04:00,490.95001220703125,490.95001220703125,490.95001220703125,490.95001220703125,490.95001220703125,368
2023-03-23 12:44:00-04:00,491.1400146484375,491.25,491.1400146484375,491.1600036621094,491.1600036621094,1552
2023-03-23 12:45:00-04:00,491.2850036621094,491.2850036621094,491.0799865722656,491.20001220703125,491.20001220703125,2169
2023-03-23 12:46:00-04:00,490.9100036621094,490.9100036621094,490.8299865722656,490.8550109863281,490.8550109863281,1460
2023-03-23 12:47:00-04:00,490.5400085449219,490.6199951171875,490.3900146484375,490.6199951171875,490.6199951171875,1767
2023-03-23 12:48:00-04:00,490.6600036621094,490.6600036621094,490.6600036621094,490.6600036621094,490.6600036621094,356
2023-03-23 12:49:00-04:00,490.7049865722656,490.8900146484375,490.7049865722656,490.7300109863281,490.7300109863281,3000
2023-03-23 12:51:00-04:00,490.7349853515625,490.7349853515625,490.4901123046875,490.6199951171875,490.6199951171875,983
2023-03-23 12:52:00-04:00,490.760009765625,490.760009765625,490.5799865722656,490.5799865722656,490.5799865722656,687
2023-03-23 12:53:00-04:00,490.7900085449219,490.80999755859375,490.70709228515625,490.70709228515625,490.70709228515625,1646
2023-03-23 12:54:00-04:00,490.8590087890625,490.8590087890625,490.8590087890625,490.8590087890625,490.8590087890625,336
2023-03-23 12:55:00-04:00,490.7749938964844,490.7900085449219,490.69000244140625,490.7900085449219,490.7900085449219,897
2023-03-23 12:56:00-04:00,490.8450012207031,490.8450012207031,490.8169860839844,490.8169860839844,490.8169860839844,843
2023-03-23 12:57:00-04:00,490.7049865722656,490.7049865722656,490.4100036621094,490.70001220703125,490.70001220703125,1576
2023-03-23 12:58:00-04:00,490.6000061035156,490.79998779296875,490.6000061035156,490.79998779296875,490.79998779296875,1490
2023-03-23 12:59:00-04:00,490.9700012207031,490.9700012207031,490.57000732421875,490.7250061035156,490.7250061035156,1595
2023-03-23 13:00:00-04:00,490.8067932128906,490.8067932128906,490.7149963378906,490.7149963378906,490.7149963378906,1655
2023-03-23 13:01:00-04:00,490.55999755859375,490.6499938964844,490.55999755859375,490.6499938964844,490.6499938964844,973
2023-03-23 13:02:00-04:00,490.6300048828125,490.6300048828125,490.6199951171875,490.6199951171875,490.6199951171875,632
2023-03-23 13:03:00-04:00,490.6099853515625,490.6400146484375,490.6000061035156,490.6000061035156,490.6000061035156,747
2023-03-23 13:04:00-04:00,490.7200012207031,490.989990234375,490.6661071777344,490.7485046386719,490.7485046386719,1932
2023-03-23 13:05:00-04:00,490.8949890136719,491.1700134277344,490.8949890136719,491.0299987792969,491.0299987792969,1105
2023-03-23 13:06:00-04:00,491.17999267578125,491.17999267578125,491.03619384765625,491.03619384765625,491.03619384765625,766
2023-03-23 13:07:00-04:00,491.010009765625,491.06500244140625,490.8699951171875,491.06500244140625,491.06500244140625,971
2023-03-23 13:08:00-04:00,490.8599853515625,490.9599914550781,490.80499267578125,490.9599914550781,490.9599914550781,509
2023-03-23 13:09:00-04:00,490.80999755859375,490.8599853515625,490.4801025390625,490.4801025390625,490.4801025390625,1412
2023-03-23 13:10:00-04:00,490.8399963378906,490.92999267578125,490.4100036621094,490.489990234375,490.489990234375,2131
2023-03-23 13:11:00-04:00,490.55999755859375,490.79998779296875,490.3200988769531,490.3200988769531,490.3200988769531,2940
2023-03-23 13:12:00-04:00,490.32000732421875,490.69000244140625,490.2900085449219,490.69000244140625,490.69000244140625,2785
2023-03-23 13:13:00-04:00,490.5400085449219,490.8800048828125,490.4100036621094,490.8800048828125,490.8800048828125,1526
2023-03-23 13:14:00-04:00,490.94000244140625,491.03289794921875,490.8999938964844,490.9049987792969,490.9049987792969,2520
2023-03-23 13:15:00-04:00,490.9100036621094,490.9200134277344,490.8900146484375,490.9200134277344,490.9200134277344,1255
2023-03-23 13:16:00-04:00,490.93499755859375,491.1099853515625,490.80499267578125,490.8959045410156,490.8959045410156,7965
2023-03-23 13:17:00-04:00,491.1300048828125,491.4898986816406,491.1300048828125,491.4898986816406,491.4898986816406,2454
2023-03-23 13:18:00-04:00,491.2099914550781,491.3399963378906,491.2099914550781,491.3349914550781,491.3349914550781,1414
2023-03-23 13:19:00-04:00,491.32501220703125,491.4100036621094,491.32000732421875,491.4100036621094,491.4100036621094,840
2023-03-23 13:20:00-04:00,491.3550109863281,491.7206115722656,491.3550109863281,491.7206115722656,491.7206115722656,2647
2023-03-23 13:21:00-04:00,491.6549987792969,491.7850036621094,491.6199951171875,491.7850036621094,491.7850036621094,1758
2023-03-23 13:22:00-04:00,491.7850036621094,491.9800109863281,491.7799987792969,491.9800109863281,491.9800109863281,4364
2023-03-23 13:23:00-04:00,492.0400085449219,492.07000732421875,491.8699951171875,492.07000732421875,492.07000732421875,4833
2023-03-23 13:24:00-04:00,492.1700134277344,492.1700134277344,491.7300109863281,491.7300109863281,491.7300109863281,4773
2023-03-23 13:25:00-04:00,491.7799987792969,491.7799987792969,491.2774963378906,491.2950134277344,491.2950134277344,10564
2023-03-23 13:26:00-04:00,491.343994140625,491.3900146484375,491.19000244140625,491.3699951171875,491.3699951171875,5783
2023-03-23 13:27:00-04:00,491.30999755859375,491.3349914550781,491.114990234375,491.1199951171875,491.1199951171875,3589
2023-03-23 13:28:00-04:00,491.25,491.54998779296875,491.25,491.375,491.375,7321
2023-03-23 13:29:00-04:00,491.29998779296875,491.5799865722656,491.29998779296875,491.55999755859375,491.55999755859375,2251
2023-03-23 13:30:00-04:00,491.4700012207031,491.6300048828125,491.42999267578125,491.6300048828125,491.6300048828125,2778
2023-03-23 13:31:00-04:00,491.7200012207031,491.7200012207031,491.5299987792969,491.7049865722656,491.7049865722656,2723
2023-03-23 13:32:00-04:00,491.70001220703125,491.70001220703125,491.4700012207031,491.5,491.5,1290
2023-03-23 13:33:00-04:00,491.6700134277344,491.80999755859375,491.6050109863281,491.80999755859375,491.80999755859375,4015
2023-03-23 13:34:00-04:00,491.81500244140625,491.81500244140625,491.6600036621094,491.7550048828125,491.7550048828125,7213
2023-03-23 13:35:00-04:00,491.7149963378906,491.80999755859375,491.510009765625,491.62921142578125,491.62921142578125,5095
2023-03-23 13:36:00-04:00,491.8500061035156,491.8699951171875,491.6400146484375,491.8699951171875,491.8699951171875,3491
2023-03-23 13:37:00-04:00,491.9750061035156,492.0249938964844,491.8999938964844,491.9150085449219,491.9150085449219,2854
2023-03-23 13:38:00-04:00,491.9977111816406,492.0299987792969,491.8999938964844,491.9049987792969,491.9049987792969,2634
2023-03-23 13:39:00-04:00,491.8240051269531,492.0299987792969,491.8240051269531,492.0299987792969,492.0299987792969,688
2023-03-23 13:40:00-04:00,491.8699951171875,492.0296936035156,491.7200012207031,492.0296936035156,492.0296936035156,1722
2023-03-23 13:41:00-04:00,491.94000244140625,492.2699890136719,491.94000244140625,492.17999267578125,492.17999267578125,3332
2023-03-23 13:42:00-04:00,492.1499938964844,492.1499938964844,492.1499938964844,492.1499938964844,492.1499938964844,469
2023-03-23 13:43:00-04:00,492.25,492.25,492.25,492.25,492.25,676
2023-03-23 13:44:00-04:00,492.29998779296875,492.3299865722656,492.2449951171875,492.2449951171875,492.2449951171875,983
2023-03-23 13:45:00-04:00,492.1400146484375,492.2650146484375,492.1400146484375,492.1600036621094,492.1600036621094,1407
2023-03-23 13:46:00-04:00,492.1300048828125,492.1300048828125,491.82000732421875,491.8999938964844,491.8999938964844,3269
2023-03-23 13:47:00-04:00,491.875,491.875,491.6700134277344,491.6700134277344,491.6700134277344,3403
2023-03-23 13:48:00-04:00,491.5899963378906,491.7300109863281,491.5086975097656,491.6400146484375,491.6400146484375,1835
2023-03-23 13:49:00-04:00,491.6499938964844,491.6499938964844,491.6499938964844,491.6499938964844,491.6499938964844,485
2023-03-23 13:50:00-04:00,491.625,491.7650146484375,491.6199951171875,491.7650146484375,491.7650146484375,1449
2023-03-23 13:51:00-04:00,491.6400146484375,491.75,491.5899963378906,491.75,491.75,1760
2023-03-23 13:52:00-04:00,491.5199890136719,491.6300048828125,491.44000244140625,491.44000244140625,491.44000244140625,1967
2023-03-23 13:53:00-04:00,491.43499755859375,491.5899963378906,491.3301086425781,491.3301086425781,491.3301086425781,1345
2023-03-23 13:54:00-04:00,491.5350036621094,491.5498962402344,491.239990234375,491.2799987792969,491.2799987792969,3145
2023-03-23 13:55:00-04:00,491.2200012207031,491.3299865722656,491.2200012207031,491.3299865722656,491.3299865722656,660
2023-03-23 13:56:00-04:00,491.2900085449219,491.3799133300781,491.2749938964844,491.2749938964844,491.2749938964844,615
2023-03-23 13:57:00-04:00,491.260009765625,491.3599853515625,491.1099853515625,491.1099853515625,491.1099853515625,1488
2023-03-23 13:58:00-04:00,490.9700012207031,491.0899963378906,490.9700012207031,491.0899963378906,491.0899963378906,1037
2023-03-23 13:59:00-04:00,490.85009765625,490.92138671875,490.85009765625,490.92138671875,490.92138671875,1063
2023-03-23 14:00:00-04:00,491.0799865722656,491.20001220703125,491.05999755859375,491.20001220703125,491.20001220703125,1847
2023-03-23 14:01:00-04:00,491.2900085449219,491.2900085449219,491.2900085449219,491.2900085449219,491.2900085449219,682
2023-03-23 14:02:00-04:00,491.3900146484375,491.3900146484375,490.9700012207031,490.9700012207031,490.9700012207031,1699
2023-03-23 14:03:00-04:00,490.7799987792969,490.7799987792969,490.5799865722656,490.67999267578125,490.67999267578125,1489
2023-03-23 14:04:00-04:00,490.67999267578125,490.67999267578125,490.5,490.67999267578125,490.67999267578125,2652
2023-03-23 14:05:00-04:00,490.7799987792969,490.9700012207031,490.70001220703125,490.92999267578125,490.92999267578125,7157
2023-03-23 14:06:00-04:00,490.9700012207031,491.07000732421875,490.9100036621094,490.9200134277344,490.9200134277344,2555
2023-03-23 14:07:00-04:00,490.9100036621094,491.114990234375,490.8599853515625,491.1099853515625,491.1099853515625,2656
2023-03-23 14:08:00-04:00,491.1050109863281,491.1050109863281,490.9100036621094,490.9100036621094,490.9100036621094,2295
2023-03-23 14:09:00-04:00,491.04998779296875,491.04998779296875,490.9549865722656,490.9549865722656,490.9549865722656,682
2023-03-23 14:10:00-04:00,490.8999938964844,491.2200012207031,490.8999938964844,491.2200012207031,491.2200012207031,2077
2023-03-23 14:11:00-04:00,491.1000061035156,491.1000061035156,491.1000061035156,491.1000061035156,491.1000061035156,178
2023-03-23 14:12:00-04:00,491.114990234375,491.114990234375,491.114990234375,491.114990234375,491.114990234375,966
2023-03-23 14:13:00-04:00,491.1499938964844,491.1499938964844,491.1300048828125,491.1400146484375,491.1400146484375,1679
2023-03-23 14:14:00-04:00,491.1018981933594,491.17999267578125,491.1018981933594,491.17999267578125,491.17999267578125,1492
2023-03-23 14:15:00-04:00,491.1600036621094,491.1700134277344,490.98291015625,490.98291015625,490.98291015625,1262
2023-03-23 14:16:00-04:00,490.95001220703125,491.2799987792969,490.95001220703125,491.2799987792969,491.2799987792969,737
2023-03-23 14:17:00-04:00,491.1499938964844,491.1499938964844,490.8699951171875,490.8699951171875,490.8699951171875,1738
2023-03-23 14:18:00-04:00,490.9649963378906,491.05999755859375,490.94000244140625,491.05999755859375,491.05999755859375,4900
2023-03-23 14:19:00-04:00,491.1000061035156,491.2690124511719,491.1000061035156,491.1700134277344,491.1700134277344,2283
2023-03-23 14:20:00-04:00,491.1199951171875,491.1199951171875,490.81500244140625,490.81500244140625,490.81500244140625,1804
2023-03-23 14:21:00-04:00,490.7850036621094,490.7850036621094,490.2099914550781,490.2099914550781,490.2099914550781,8051
2023-03-23 14:22:00-04:00,490.4200134277344,490.42999267578125,490.2099914550781,490.2099914550781,490.2099914550781,1963
2023-03-23 14:23:00-04:00,490.0,490.0,489.8299865722656,489.8500061035156,489.8500061035156,2598
2023-03-23 14:24:00-04:00,489.8699951171875,489.8699951171875,489.6400146484375,489.82000732421875,489.82000732421875,1726
2023-03-23 14:25:00-04:00,489.6300048828125,489.739990234375,489.0899963378906,489.0899963378906,489.0899963378906,3098
2023-03-23 14:26:00-04:00,489.2174987792969,489.31500244140625,489.1300048828125,489.1700134277344,489.1700134277344,1422
2023-03-23 14:27:00-04:00,489.1300048828125,489.1300048828125,488.7101135253906,488.9559020996094,488.9559020996094,2669
2023-03-23 14:28:00-04:00,488.94000244140625,488.94000244140625,488.6099853515625,488.6099853515625,488.6099853515625,2256
2023-03-23 14:29:00-04:00,488.4901123046875,488.4901123046875,488.3999938964844,488.4159851074219,488.4159851074219,1554
2023-03-23 14:30:00-04:00,488.18011474609375,488.54998779296875,488.18011474609375,488.5199890136719,488.5199890136719,3093
2023-03-23 14:31:00-04:00,488.17999267578125,488.19000244140625,488.1499938964844,488.1499938964844,488.1499938964844,642
2023-03-23 14:32:00-04:00,488.1549987792969,488.19000244140625,487.8301086425781,488.1300048828125,488.1300048828125,3387
2023-03-23 14:33:00-04:00,487.875,488.010009765625,487.8699951171875,488.010009765625,488.010009765625,996
2023-03-23 14:34:00-04:00,487.70001220703125,487.7300109863281,487.57000732421875,487.7300109863281,487.7300109863281,5012
2023-03-23 14:35:00-04:00,487.82000732421875,488.4798889160156,487.7200012207031,488.4798889160156,488.4798889160156,5605
2023-03-23 14:36:00-04:00,488.4700012207031,488.6199951171875,488.32000732421875,488.6199951171875,488.6199951171875,2213
2023-03-23 14:37:00-04:00,488.3999938964844,488.581298828125,488.3999938964844,488.40869140625,488.40869140625,1114
2023-03-23 14:38:00-04:00,488.5799865722656,488.5799865722656,487.70001220703125,487.70001220703125,487.70001220703125,2921
2023-03-23 14:39:00-04:00,487.42999267578125,487.45001220703125,487.3800048828125,487.44500732421875,487.44500732421875,1156
2023-03-23 14:40:00-04:00,487.42999267578125,487.42999267578125,486.8500061035156,486.8500061035156,486.8500061035156,5235
2023-03-23 14:41:00-04:00,486.9200134277344,486.9200134277344,486.2799987792969,486.2799987792969,486.2799987792969,2544
2023-03-23 14:42:00-04:00,486.5,486.6400146484375,486.32000732421875,486.32000732421875,486.32000732421875,1876
2023-03-23 14:43:00-04:00,486.2950134277344,486.30999755859375,485.95001220703125,485.95001220703125,485.95001220703125,2813
2023-03-23 14:44:00-04:00,485.7200012207031,485.7200012207031,485.3299865722656,485.55999755859375,485.55999755859375,3482
2023-03-23 14:45:00-04:00,485.6300048828125,486.4700012207031,485.6300048828125,486.4700012207031,486.4700012207031,3961
2023-03-23 14:46:00-04:00,486.1700134277344,486.3800048828125,486.1700134277344,486.3800048828125,486.3800048828125,940
2023-03-23 14:47:00-04:00,486.0,486.0050048828125,485.2943115234375,485.3949890136719,485.3949890136719,2895
2023-03-23 14:48:00-04:00,485.1199951171875,485.4700012207031,485.0000915527344,485.45001220703125,485.45001220703125,3403
2023-03-23 14:49:00-04:00,485.6099853515625,485.67999267578125,485.6099853515625,485.67999267578125,485.67999267578125,1759
2023-03-23 14:50:00-04:00,485.25,485.260009765625,485.0899963378906,485.19000244140625,485.19000244140625,2249
2023-03-23 14:51:00-04:00,485.2806091308594,485.5575866699219,485.2799987792969,485.5575866699219,485.5575866699219,2254
2023-03-23 14:52:00-04:00,485.6000061035156,485.6000061035156,485.0899963378906,485.17999267578125,485.17999267578125,3605
2023-03-23 14:53:00-04:00,485.32000732421875,485.3900146484375,485.0552062988281,485.0552062988281,485.0552062988281,2579
2023-03-23 14:54:00-04:00,485.0,485.0,484.5,484.5,484.5,4663
2023-03-23 14:55:00-04:00,484.510009765625,484.89990234375,484.2900085449219,484.89990234375,484.89990234375,5019
2023-03-23 14:56:00-04:00,484.6099853515625,484.70001220703125,484.3299865722656,484.57000732421875,484.57000732421875,2876
2023-03-23 14:57:00-04:00,484.989990234375,485.3299865722656,484.989990234375,485.05999755859375,485.05999755859375,4053
2023-03-23 14:58:00-04:00,485.1549987792969,485.2699890136719,484.8399963378906,485.2699890136719,485.2699890136719,4020
2023-03-23 14:59:00-04:00,485.4100036621094,486.05999755859375,485.4100036621094,486.05999755859375,486.05999755859375,4815
2023-03-23 15:00:00-04:00,486.70001220703125,488.1549987792969,486.32000732421875,487.875,487.875,6960
2023-03-23 15:01:00-04:00,488.4700012207031,488.4800109863281,487.44000244140625,488.1000061035156,488.1000061035156,8126
2023-03-23 15:02:00-04:00,487.79998779296875,487.79998779296875,486.8399963378906,487.0400085449219,487.0400085449219,2344
2023-03-23 15:03:00-04:00,487.0400085449219,487.5,486.92999267578125,487.44000244140625,487.44000244140625,1987
2023-03-23 15:04:00-04:00,487.2200012207031,487.32000732421875,486.68499755859375,486.69500732421875,486.69500732421875,6651
2023-03-23 15:05:00-04:00,486.7049865722656,487.0350036621094,486.6814880371094,486.68499755859375,486.68499755859375,8496
2023-03-23 15:06:00-04:00,486.8699951171875,486.9700012207031,486.7799987792969,486.92999267578125,486.92999267578125,1757
2023-03-23 15:07:00-04:00,486.5400085449219,486.5830078125,486.4100036621094,486.5830078125,486.5830078125,1711
2023-03-23 15:08:00-04:00,485.9800109863281,486.4599914550781,485.9800109863281,486.4599914550781,486.4599914550781,1370
2023-03-23 15:09:00-04:00,486.94000244140625,487.17999267578125,486.6650085449219,487.17999267578125,487.17999267578125,3255
2023-03-23 15:10:00-04:00,487.5,487.5400085449219,487.25,487.3599853515625,487.3599853515625,3373
2023-03-23 15:11:00-04:00,487.6600036621094,487.739990234375,487.1499938964844,487.1499938964844,487.1499938964844,2448
2023-03-23 15:12:00-04:00,487.010009765625,487.0199890136719,486.9100036621094,487.010009765625,487.010009765625,1265
2023-03-23 15:13:00-04:00,486.9700012207031,486.9700012207031,486.4599914550781,486.5,486.5,2495
2023-03-23 15:14:00-04:00,486.75,487.0899963378906,486.75,487.0899963378906,487.0899963378906,1831
2023-03-23 15:15:00-04:00,487.2900085449219,487.3500061035156,486.8399963378906,486.9100036621094,486.9100036621094,2211
2023-03-23 15:16:00-04:00,486.8999938964844,487.1199951171875,486.739990234375,486.79998779296875,486.79998779296875,2611
2023-03-23 15:17:00-04:00,486.6000061035156,487.1499938964844,486.6000061035156,486.7601013183594,486.7601013183594,2564
2023-03-23 15:18:00-04:00,487.05499267578125,487.05499267578125,486.2550048828125,486.4100036621094,486.4100036621094,9550
2023-03-23 15:19:00-04:00,486.260009765625,486.260009765625,485.7900085449219,485.7900085449219,485.7900085449219,2990
2023-03-23 15:20:00-04:00,485.9599914550781,486.0400085449219,485.3800048828125,485.3800048828125,485.3800048828125,3267
2023-03-23 15:21:00-04:00,485.17999267578125,485.3349914550781,484.989990234375,484.989990234375,484.989990234375,4081
2023-03-23 15:22:00-04:00,484.9200134277344,485.3299865722656,484.9200134277344,485.2799987792969,485.2799987792969,4885
2023-03-23 15:23:00-04:00,485.30999755859375,486.32000732421875,485.30999755859375,486.32000732421875,486.32000732421875,2087
2023-03-23 15:24:00-04:00,486.07000732421875,486.2799987792969,486.0299987792969,486.19000244140625,486.19000244140625,2679
2023-03-23 15:25:00-04:00,486.2099914550781,486.5899963378906,486.1199951171875,486.42999267578125,486.42999267578125,3042
2023-03-23 15:26:00-04:00,486.44000244140625,486.7099914550781,486.29998779296875,486.29998779296875,486.29998779296875,2949
2023-03-23 15:27:00-04:00,486.3922119140625,486.739990234375,486.3922119140625,486.6000061035156,486.6000061035156,3321
2023-03-23 15:28:00-04:00,486.29998779296875,486.5,486.239990234375,486.4750061035156,486.4750061035156,7829
2023-03-23 15:29:00-04:00,486.29998779296875,486.5299987792969,486.010009765625,486.010009765625,486.010009765625,3210
2023-03-23 15:30:00-04:00,486.19000244140625,486.364990234375,485.989990234375,486.0450134277344,486.0450134277344,6563
2023-03-23 15:31:00-04:00,485.9200134277344,486.25,485.67999267578125,486.0,486.0,3698
2023-03-23 15:32:00-04:00,486.20001220703125,486.54998779296875,486.1499938964844,486.2699890136719,486.2699890136719,2905
2023-03-23 15:33:00-04:00,486.2650146484375,486.2698974609375,486.2349853515625,486.2698974609375,486.2698974609375,1768
2023-03-23 15:34:00-04:00,486.45001220703125,486.7550048828125,486.3299865722656,486.7550048828125,486.7550048828125,2114
2023-03-23 15:35:00-04:00,486.6000061035156,487.0799865722656,486.6000061035156,487.0799865722656,487.0799865722656,4411
2023-03-23 15:36:00-04:00,486.8399963378906,487.55999755859375,486.8399963378906,487.260009765625,487.260009765625,3852
2023-03-23 15:37:00-04:00,487.3800048828125,487.4649963378906,487.29998779296875,487.4200134277344,487.4200134277344,3161
2023-03-23 15:38:00-04:00,487.3399963378906,487.3999938964844,487.0400085449219,487.2099914550781,487.2099914550781,3429
2023-03-23 15:39:00-04:00,487.1199951171875,487.3999938964844,486.9100036621094,486.9100036621094,486.9100036621094,2825
2023-03-23 15:40:00-04:00,487.07000732421875,487.0899963378906,486.739990234375,486.9549865722656,486.9549865722656,4958
2023-03-23 15:41:00-04:00,486.94500732421875,487.2900085449219,486.9100036621094,487.2900085449219,487.2900085449219,3539
2023-03-23 15:42:00-04:00,487.2300109863281,487.6000061035156,487.1036071777344,487.6000061035156,487.6000061035156,3631
2023-03-23 15:43:00-04:00,487.739990234375,487.8399963378906,487.55499267578125,487.7200012207031,487.7200012207031,7014
2023-03-23 15:44:00-04:00,487.6400146484375,487.69500732421875,487.3800048828125,487.69500732421875,487.69500732421875,3640
2023-03-23 15:45:00-04:00,487.7200012207031,488.4176025390625,487.70001220703125,488.1400146484375,488.1400146484375,5486
2023-03-23 15:46:00-04:00,488.2049865722656,488.4800109863281,488.1944885253906,488.3599853515625,488.3599853515625,4596
2023-03-23 15:47:00-04:00,488.3550109863281,488.6199951171875,488.3550109863281,488.57000732421875,488.57000732421875,4088
2023-03-23 15:48:00-04:00,488.42999267578125,488.4599914550781,487.989990234375,488.1099853515625,488.1099853515625,5850
2023-03-23 15:49:00-04:00,488.2340087890625,488.260009765625,488.0,488.1600036621094,488.1600036621094,10143
2023-03-23 15:50:00-04:00,488.80999755859375,489.67999267578125,488.7300109863281,489.5450134277344,489.5450134277344,7086
2023-03-23 15:51:00-04:00,489.5299987792969,489.5824890136719,488.9200134277344,488.92999267578125,488.92999267578125,5066
2023-03-23 15:52:00-04:00,488.7300109863281,488.82000732421875,488.44000244140625,488.4700012207031,488.4700012207031,6273
2023-03-23 15:53:00-04:00,488.4849853515625,488.8599853515625,488.3900146484375,488.5899963378906,488.5899963378906,7513
2023-03-23 15:54:00-04:00,488.54998779296875,488.82000732421875,488.2250061035156,488.6600036621094,488.6600036621094,10596
2023-03-23 15:55:00-04:00,488.5899963378906,488.8299865722656,488.0199890136719,488.20880126953125,488.20880126953125,14965
2023-03-23 15:56:00-04:00,488.2099914550781,488.45001220703125,488.04998779296875,488.2699890136719,488.2699890136719,15851
2023-03-23 15:57:00-04:00,488.3500061035156,488.4100036621094,488.0199890136719,488.32000732421875,488.32000732421875,14671
2023-03-23 15:58:00-04:00,488.3800048828125,488.3800048828125,487.9800109863281,488.1199951171875,488.1199951171875,31143
2023-03-23 15:59:00-04:00,488.1199951171875,488.1600036621094,487.3699951171875,487.70001220703125,487.70001220703125,68118
2023-03-23 16:00:00-04:00,487.76,490.0,485.8,487.76,487.76,1517514
2023-03-23 16:01:00-04:00,487.76,487.76,484.68,487.76,487.76,0
2023-03-23 16:02:00-04:00,487.76,487.76,486.85,486.85,486.85,0
2023-03-23 16:03:00-04:00,486.85,490.0,486.85,490.0,490.0,0
2023-03-23 16:04:00-04:00,486.85,486.85,486.0,486.0,486.0,0
2023-03-23 16:05:00-04:00,488.0,488.0,488.0,488.0,488.0,0
2023-03-23 16:06:00-04:00,488.005,488.005,488.005,488.005,488.005,0
2023-03-23 16:08:00-04:00,487.76,487.76,486.01,486.01,486.01,0
2023-03-23 16:10:00-04:00,487.025,487.025,487.025,487.025,487.025,0
2023-03-23 16:11:00-04:00,487.0,487.76,486.89,486.89,486.89,0
2023-03-23 16:12:00-04:00,486.89,486.89,486.89,486.89,486.89,0
2023-03-23 16:13:00-04:00,487.5,487.76,487.45,487.76,487.76,0
2023-03-23 16:14:00-04:00,488.545,488.545,487.76,487.76,487.76,0
2023-03-23 16:15:00-04:00,487.76,488.0,487.76,487.76,487.76,0
2023-03-23 16:19:00-04:00,487.76,487.76,487.76,487.76,487.76,0
2023-03-23 16:20:00-04:00,487.76,487.76,486.905,486.905,486.905,0
2023-03-23 16:22:00-04:00,487.76,487.76,487.76,487.76,487.76,0
2023-03-23 16:24:00-04:00,486.05,486.05,486.05,486.05,486.05,0
2023-03-23 16:26:00-04:00,487.76,487.76,486.905,486.905,486.905,0
2023-03-23 16:27:00-04:00,487.38,487.38,487.38,487.38,487.38,0
2023-03-23 16:28:00-04:00,487.6,487.6,487.6,487.6,487.6,0
2023-03-23 16:30:00-04:00,487.01,487.75,487.01,487.75,487.75,0
2023-03-23 16:31:00-04:00,487.38,487.38,487.38,487.38,487.38,0
2023-03-23 16:33:00-04:00,487.25,488.37,487.0,487.0,487.0,0
2023-03-23 16:34:00-04:00,488.37,488.37,488.0,488.0,488.0,0
2023-03-23 16:35:00-04:00,488.0,488.0,488.0,488.0,488.0,0
2023-03-23 16:38:00-04:00,488.0,488.0,488.0,488.0,488.0,0
2023-03-23 16:40:00-04:00,488.37,488.37,488.37,488.37,488.37,0
2023-03-23 16:41:00-04:00,488.37,488.37,488.37,488.37,488.37,0
2023-03-23 16:42:00-04:00,488.37,488.37,487.0,487.0,487.0,0
2023-03-23 16:43:00-04:00,488.37,488.37,488.37,488.37,488.37,0
2023-03-23 16:44:00-04:00,488.5,488.5,488.5,488.5,488.5,0
2023-03-23 16:45:00-04:00,488.37,488.37,488.37,488.37,488.37,0
2023-03-23 16:47:00-04:00,488.5,489.3,488.5,489.3,489.3,0
2023-03-23 16:49:00-04:00,488.82,489.3,488.82,489.3,489.3,0
2023-03-23 16:52:00-04:00,488.825,488.825,488.825,488.825,488.825,0
2023-03-23 16:54:00-04:00,487.96,487.96,487.96,487.96,487.96,0
2023-03-23 16:55:00-04:00,488.85,488.85,488.85,488.85,488.85,0
2023-03-23 16:56:00-04:00,488.85,488.85,488.85,488.85,488.85,0
2023-03-23 16:57:00-04:00,488.855,488.855,488.7,488.7,488.7,0
2023-03-23 16:58:00-04:00,488.855,488.855,488.855,488.855,488.855,0
2023-03-23 16:59:00-04:00,488.855,488.855,488.855,488.855,488.855,0
2023-03-23 17:00:00-04:00,487.76,487.76,487.76,487.76,487.76,0
2023-03-23 17:09:00-04:00,488.86,488.86,488.86,488.86,488.86,0
2023-03-23 17:11:00-04:00,487.98,488.85,487.98,488.85,488.85,0
2023-03-23 17:19:00-04:00,489.72,489.72,488.85,488.85,488.85,0
2023-03-23 17:21:00-04:00,488.85,488.865,488.85,488.865,488.865,0
2023-03-23 17:22:00-04:00,488.865,489.73,488.865,489.0,489.0,0
2023-03-23 17:24:00-04:00,488.865,488.865,488.865,488.865,488.865,0
2023-03-23 17:27:00-04:00,488.87,488.87,488.87,488.87,488.87,0
2023-03-23 17:29:00-04:00,488.87,488.87,488.87,488.87,488.87,0
2023-03-23 17:30:00-04:00,489.73,489.73,489.73,489.73,489.73,0
2023-03-23 17:33:00-04:00,488.87,488.87,488.87,488.87,488.87,0
2023-03-23 17:34:00-04:00,488.85,488.85,488.1,488.22,488.22,0
2023-03-23 17:38:00-04:00,488.87,488.87,488.87,488.87,488.87,0
2023-03-23 17:43:00-04:00,489.73,489.73,489.73,489.73,489.73,0
2023-03-23 17:45:00-04:00,488.87,488.87,488.87,488.87,488.87,0
2023-03-23 17:50:00-04:00,488.87,488.87,488.87,488.87,488.87,0
2023-03-23 17:53:00-04:00,488.87,488.87,488.87,488.87,488.87,0
2023-03-23 17:58:00-04:00,488.18,488.18,488.18,488.18,488.18,0
2023-03-23 18:02:00-04:00,488.01,488.01,488.01,488.01,488.01,0
2023-03-23 18:03:00-04:00,488.875,488.875,488.875,488.875,488.875,0
2023-03-23 18:09:00-04:00,488.24,488.24,488.24,488.24,488.24,0
2023-03-23 18:10:00-04:00,489.74,489.74,488.24,488.24,488.24,0
2023-03-23 18:15:00-04:00,488.88,489.0,488.88,489.0,489.0,0
2023-03-23 18:19:00-04:00,488.875,488.875,488.875,488.875,488.875,0
2023-03-23 18:21:00-04:00,489.79,489.79,489.79,489.79,489.79,0
2023-03-23 18:23:00-04:00,488.87,488.87,488.87,488.87,488.87,0
2023-03-23 18:29:00-04:00,488.21,488.87,488.21,488.87,488.87,0
2023-03-23 18:33:00-04:00,488.87,488.87,488.87,488.87,488.87,0
2023-03-23 18:35:00-04:00,488.87,488.87,488.87,488.87,488.87,0
2023-03-23 18:42:00-04:00,488.18,488.18,488.01,488.01,488.01,0
2023-03-23 18:46:00-04:00,488.0,488.0,488.0,488.0,488.0,0
2023-03-23 18:51:00-04:00,488.0,488.87,488.0,488.87,488.87,0
2023-03-23 18:52:00-04:00,488.87,489.58,488.01,488.01,488.01,0
2023-03-23 18:56:00-04:00,488.9,488.9,488.9,488.9,488.9,0
2023-03-23 18:57:00-04:00,488.585,488.585,488.585,488.585,488.585,0
2023-03-23 18:58:00-04:00,488.585,488.585,488.585,488.585,488.585,0
2023-03-23 18:59:00-04:00,488.05,489.17,488.01,488.585,488.585,0
2023-03-23 19:07:00-04:00,488.785,488.785,488.0,488.0,488.0,0
2023-03-23 19:14:00-04:00,488.785,488.785,488.785,488.785,488.785,0
2023-03-23 19:16:00-04:00,488.785,488.785,488.785,488.785,488.785,0
2023-03-23 19:18:00-04:00,488.0,488.0,488.0,488.0,488.0,0
2023-03-23 19:20:00-04:00,488.785,488.785,488.785,488.785,488.785,0
2023-03-23 19:23:00-04:00,489.74,489.74,488.87,488.87,488.87,0
2023-03-23 19:26:00-04:00,488.8,488.8,488.8,488.8,488.8,0
2023-03-23 19:30:00-04:00,488.865,488.865,488.865,488.865,488.865,0
2023-03-23 19:35:00-04:00,488.865,488.865,488.86,488.865,488.865,0
2023-03-23 19:42:00-04:00,488.59,488.59,488.59,488.59,488.59,0
2023-03-23 19:43:00-04:00,488.59,488.59,488.59,488.59,488.59,0
2023-03-23 19:44:00-04:00,488.59,488.59,488.59,488.59,488.59,0
2023-03-23 19:49:00-04:00,488.41,488.41,488.41,488.41,488.41,0
2023-03-23 19:50:00-04:00,488.495,488.86,488.495,488.86,488.86,0
2023-03-23 19:54:00-04:00,488.495,488.495,488.495,488.495,488.495,0
2023-03-23 19:56:00-04:00,488.78,488.78,488.78,488.78,488.78,0
2023-03-23 19:57:00-04:00,488.78,488.78,488.78,488.78,488.78,0
2023-03-23 19:59:00-04:00,488.78,488.78,488.78,488.78,488.78,0
